{
  "id": "new_packtestt",
  "name": "New UI Packtest",
  "version": "1.0.1",
  "description": "test",
  "author": "tkk",
  "authorUrl": "",
  "license": "MIT",
  "homepage": "",
  "flutter": ">=3.10.0 <4.0.0",
  "tags": [
    "test"
  ],
  "previews": [],
  "screens": [
    {
      "name": "example_screen",
      "route": "/example_screen",
      "file": "screens/example_screen.dart",
      "widgets": []
    },
    {
      "name": "visual_design_screen",
      "route": "/visual_design_screen",
      "file": "screens/visual_design_screen.dart",
      "widgets": [
        {
          "id": "1766654097923",
          "name": "Container 1",
          "type": 0,
          "x": 0,
          "y": 32,
          "width": 245,
          "height": 100,
          "parentId": null,
          "properties": {
            "color": 4294967295,
            "borderRadius": 8
          }
        },
        {
          "id": "1766654160799",
          "name": "pack_card",
          "type": 24,
          "x": 150,
          "y": 282,
          "width": 403,
          "height": 200,
          "parentId": null,
          "properties": {
            "widgets": [
              {
                "id": "1766654125505",
                "name": "Container 1",
                "type": 0,
                "x": 20,
                "y": 25,
                "width": 348,
                "height": 107,
                "parentId": null,
                "properties": {
                  "color": 4294967295,
                  "borderRadius": 8
                }
              }
            ]
          }
        }
      ]
    }
  ],
  "dependencies": {}
}