{
  "id": "new_pack_my",
  "name": "New UI Pack_my",
  "version": "1.0.0",
  "description": "",
  "author": "UI MarketPlace Team",
  "authorUrl": "",
  "license": "MIT",
  "homepage": "",
  "flutter": ">=3.10.0 <4.0.0",
  "tags": [
    "test"
  ],
  "previews": [],
  "screens": [
    {
      "name": "example_screen",
      "route": "/example_screen",
      "file": "screens/example_screen.dart",
      "widgets": []
    },
    {
      "name": "visual_design_screen",
      "route": "/visual_design_screen",
      "file": "screens/visual_design_screen.dart",
      "widgets": [
        {
          "id": "1766635039124",
          "name": "Container 1",
          "type": 0,
          "x": 112,
          "y": 112,
          "width": 156,
          "height": 307,
          "properties": {
            "color": 4294967295,
            "borderRadius": 8
          }
        }
      ]
    }
  ],
  "dependencies": {}
}